{"file_hashes":[{"block_hashes":["1+jNE2iBVXHpOpSxLSBnPMihkDhi6xkghljJ/fYKeEo=","l4JA5W3YVnPVRoTxrCMhZGYhuwMjQTsg2K1peZkVlyA=","vVESpXdEYzn89+nEnuesJBJTAaatw/ykS7v+wS2f1Cg="],"block_size":4096,"path":"background.js"},{"block_hashes":["ZpUJeV1qd7XXJl836ontuMXLxCAyJUq4LfhOwrWKFec="],"block_size":4096,"path":"content.js"},{"block_hashes":["fElh7AUAsn/RmU+sYJMiIbLg0p4T80468VWOwgYP4z0=","4yMwmXc+bFegtQ6jhnyTUwBSm7SjsLC0iLg8wrcGv7o="],"block_size":4096,"path":"popup.css"},{"block_hashes":["gNtKW+A/cDRMhViS6fpq0D+8TzLiinmtsvBLBagS/gM="],"block_size":4096,"path":"popup.html"},{"block_hashes":["4c/koAytAOMGl7oJ3iWAC9BGC4MI+xwJfh5eNKWjRt4=","sofG9qOZ4byPyMAdpUUtr5EdjW+F5Kd0jic+FtWE+Ko="],"block_size":4096,"path":"popup.js"}],"version":2}